pk,name,price,intro,region,category,expect,expecte,deliveryOption,age1_M_B,age1_M_W,age1_M_G,age1_W_B,age1_W_W,age1_W_G,age2_M_B,age2_M_W,age2_M_G,age2_W_B,age2_W_W,age2_W_G,age3_M_B,age3_M_W,age3_M_G,age3_W_B,age3_W_W,age3_W_G,age4_M_B,age4_M_W,age4_M_G,age4_W_B,age4_W_W,age4_W_G,SUM,
1,사과1,10000,맛있는 사과1를 소개합니다.,경상도,과일,10120kg,10120,아이스팩,77,68,17,3,20,18,67,90,28,43,48,9,73,81,64,25,100,17,84,31,25,26,29,12,1055,
2,사과2,12000,맛있는 사과2를 소개합니다.,강원도,과일,10089kg,10089,신선배송가방,77,91,92,31,6,42,73,66,89,82,9,25,55,67,33,60,100,90,31,20,62,37,58,44,1340,
3,사과3,9000,맛있는 사과3를 소개합니다.,충청도,과일,9908kg,9908,아이스팩,30,60,99,32,47,100,45,33,39,25,42,37,21,40,16,95,82,16,30,55,66,85,93,77,1265,
4,사과4,8000,맛있는 사과4를 소개합니다.,전라도,과일,11331kg,11331,신선배송가방,5,22,61,91,31,25,71,48,91,32,71,15,88,4,29,84,46,46,89,52,93,89,18,55,1256,
5,사과5,11000,맛있는 사과5를 소개합니다.,강원도,과일,11617kg,11617,아이스팩,72,50,92,67,94,94,48,20,23,8,75,12,62,18,36,68,51,76,69,39,35,68,32,1,1210,
6,사과6,10000,맛있는 사과6를 소개합니다.,전라도,과일,11999kg,11999,신선배송가방,43,45,95,88,73,97,89,63,48,46,65,30,34,39,71,87,12,66,38,80,24,89,72,88,1482,
7,사과7,12000,맛있는 사과7를 소개합니다.,전라도,과일,10495kg,10495,아이스팩,16,45,46,30,25,74,53,9,40,2,43,73,41,17,8,33,61,21,11,59,29,10,36,12,794,
8,배1,9000,맛있는 배1를 소개합니다.,경상도,과일,10829kg,10829,신선배송가방,100,61,99,21,90,97,91,24,38,43,43,73,18,50,86,72,32,42,38,50,46,5,83,65,1367,
9,배2,8000,맛있는 배2를 소개합니다.,경기도,과일,11626kg,11626,아이스팩,60,70,71,24,55,4,26,76,58,86,94,7,43,70,44,50,46,71,82,87,37,43,15,75,1294,
10,배3,11000,맛있는 배3를 소개합니다.,전라도,과일,9551kg,9551,신선배송가방,69,57,16,44,93,89,71,70,41,46,4,88,84,42,50,92,37,89,49,56,89,27,62,11,1376,
11,배4,10000,맛있는 배4를 소개합니다.,전라도,과일,10229kg,10229,아이스팩,57,60,12,96,56,31,16,27,54,66,5,57,38,96,83,51,58,26,91,60,81,78,58,0,1257,
12,배5,10000,맛있는 배5를 소개합니다.,경상도,과일,11921kg,11921,신선배송가방,35,38,18,8,99,17,37,95,74,42,91,89,18,73,33,79,87,53,90,55,69,15,59,1,1275,
13,배6,12000,맛있는 배6를 소개합니다.,강원도,과일,11417kg,11417,아이스팩,25,83,8,55,57,25,19,67,97,80,66,40,56,4,6,73,84,5,63,81,45,81,92,42,1254,
14,배7,9000,맛있는 배7를 소개합니다.,강원도,과일,11539kg,11539,신선배송가방,89,16,88,36,18,61,52,72,63,91,63,17,55,70,2,57,85,82,52,88,94,96,18,11,1376,
15,배8,8000,맛있는 배8를 소개합니다.,경상도,과일,11193kg,11193,아이스팩,72,39,47,56,59,27,86,59,22,24,65,30,4,78,63,43,96,36,63,70,47,57,11,100,1254,
16,배9,11000,맛있는 배9를 소개합니다.,경기도,과일,10162kg,10162,신선배송가방,91,13,76,71,76,76,96,82,3,55,16,13,79,39,81,12,59,83,31,3,21,82,98,98,1354,
17,딸기1,10000,맛있는 딸기1를 소개합니다.,전라도,과일,9301kg,9301,아이스팩,37,47,31,68,6,88,28,28,6,27,74,85,58,25,57,94,7,18,2,72,54,45,73,35,1065,
18,딸기2,12000,맛있는 딸기2를 소개합니다.,경기도,과일,9663kg,9663,신선배송가방,94,97,80,100,9,19,80,61,91,44,15,7,27,39,96,12,57,76,93,8,45,87,8,89,1334,
19,딸기3,9000,맛있는 딸기3를 소개합니다.,전라도,과일,11577kg,11577,아이스팩,93,76,44,41,58,25,14,26,85,36,75,38,86,46,35,50,95,52,20,96,4,88,0,8,1191,
20,딸기4,8000,맛있는 딸기4를 소개합니다.,경기도,과일,9284kg,9284,신선배송가방,30,26,47,20,38,48,63,31,86,12,4,96,32,41,14,45,44,52,60,6,34,40,86,13,968,
21,딸기5,11000,맛있는 딸기5를 소개합니다.,충청도,과일,9557kg,9557,아이스팩,39,83,12,68,98,97,9,88,46,15,74,95,31,43,79,49,2,58,88,67,77,55,24,27,1324,
22,딸기6,10000,맛있는 딸기6를 소개합니다.,충청도,과일,11464kg,11464,신선배송가방,53,65,13,91,26,94,56,91,73,45,65,36,50,25,92,98,96,66,6,4,98,29,8,38,1318,
23,딸기7,10000,맛있는 딸기7를 소개합니다.,경기도,과일,8226kg,8226,아이스팩,87,7,72,21,87,26,61,76,71,94,62,98,15,32,16,95,79,30,91,62,76,51,54,35,1398,
24,딸기8,12000,맛있는 딸기8를 소개합니다.,충청도,과일,9384kg,9384,신선배송가방,87,50,26,18,58,88,39,88,25,98,96,47,83,7,86,11,82,26,62,36,84,86,4,60,1347,
25,딸기9,9000,맛있는 딸기9를 소개합니다.,경상도,과일,11201kg,11201,아이스팩,17,57,26,1,55,18,84,24,37,42,46,73,88,52,46,47,50,16,33,64,89,26,31,4,1026,
26,포도1,8000,맛있는 포도1를 소개합니다.,강원도,과일,9635kg,9635,신선배송가방,80,76,81,20,16,9,40,85,85,4,33,58,7,82,33,28,69,24,40,32,78,46,21,86,1133,
27,포도2,11000,맛있는 포도2를 소개합니다.,전라도,과일,10655kg,10655,아이스팩,21,51,40,18,59,15,66,29,97,26,88,27,47,92,4,28,97,81,24,27,76,95,15,59,1182,
28,포도3,10000,맛있는 포도3를 소개합니다.,강원도,과일,11429kg,11429,신선배송가방,41,88,74,11,82,46,95,79,52,27,73,29,50,59,22,93,48,30,61,33,68,77,71,96,1405,
29,포도4,12000,맛있는 포도4를 소개합니다.,경기도,과일,9042kg,9042,아이스팩,31,76,44,61,3,89,22,14,8,30,82,85,35,11,57,88,88,52,79,56,62,41,17,49,1180,
30,포도5,9000,맛있는 포도5를 소개합니다.,강원도,과일,8214kg,8214,신선배송가방,91,89,64,54,11,41,56,97,44,12,59,80,11,65,57,75,89,2,56,14,44,74,94,74,1353,
31,포도6,8000,맛있는 포도6를 소개합니다.,경기도,과일,11176kg,11176,아이스팩,92,37,25,31,43,22,20,41,74,61,3,50,22,48,63,31,17,99,87,65,93,69,55,36,1184,
32,포도7,11000,맛있는 포도7를 소개합니다.,충청도,과일,9608kg,9608,신선배송가방,80,99,70,31,20,51,33,88,15,98,57,14,41,67,93,22,14,15,36,43,79,84,59,94,1303,
33,포도8,10000,맛있는 포도8를 소개합니다.,충청도,과일,11833kg,11833,아이스팩,21,49,69,16,91,67,53,8,76,14,63,86,66,10,58,57,24,1,77,57,15,33,50,9,1070,
34,포도9,10000,맛있는 포도9를 소개합니다.,전라도,과일,9784kg,9784,신선배송가방,12,50,99,96,75,45,31,90,84,40,60,96,64,35,41,36,81,38,14,20,45,50,4,61,1267,
35,포도10,12000,맛있는 포도10를 소개합니다.,경기도,과일,10105kg,10105,아이스팩,7,77,84,89,84,83,80,74,96,9,62,86,12,67,82,40,3,18,65,47,67,69,88,80,1469,
36,포도11,9000,맛있는 포도11를 소개합니다.,강원도,과일,9283kg,9283,신선배송가방,41,86,11,79,1,50,86,62,35,7,46,60,77,23,96,92,49,79,93,73,39,37,34,3,1259,
37,양파1,8000,맛있는 양파1를 소개합니다.,충청도,채소/야채,10254kg,10254,아이스팩,62,84,78,43,86,26,80,30,2,35,5,93,51,57,46,52,30,43,19,27,89,68,99,32,1237,
38,양파2,11000,맛있는 양파2를 소개합니다.,충청도,채소/야채,8819kg,8819,신선배송가방,48,35,22,80,7,67,50,20,31,55,37,34,99,21,41,28,45,81,21,20,97,29,12,85,1065,
39,양파3,10000,맛있는 양파3를 소개합니다.,경상도,채소/야채,9744kg,9744,아이스팩,87,48,58,54,26,34,13,85,18,31,81,23,99,75,29,60,53,44,4,26,78,9,72,37,1144,
40,양파4,12000,맛있는 양파4를 소개합니다.,경기도,채소/야채,11939kg,11939,신선배송가방,35,27,66,8,62,37,82,31,79,57,47,31,57,74,14,89,52,10,77,20,51,67,76,1,1150,
41,양파5,9000,맛있는 양파5를 소개합니다.,경상도,채소/야채,10972kg,10972,아이스팩,7,15,45,74,71,79,70,53,62,69,16,99,74,6,6,84,91,13,27,73,80,43,76,58,1291,
42,양파6,8000,맛있는 양파6를 소개합니다.,충청도,채소/야채,10594kg,10594,신선배송가방,43,27,65,1,62,79,75,61,22,49,60,90,85,98,28,12,54,40,71,6,50,67,55,39,1239,
43,양파7,11000,맛있는 양파7를 소개합니다.,경상도,채소/야채,10973kg,10973,아이스팩,86,50,56,72,87,80,93,18,78,55,49,18,27,99,4,55,15,7,31,96,61,53,15,10,1215,
44,양파8,10000,맛있는 양파8를 소개합니다.,충청도,채소/야채,9584kg,9584,신선배송가방,13,50,19,64,49,52,57,5,38,12,20,93,96,76,64,4,35,6,85,71,39,57,27,39,1071,
45,양파9,10000,맛있는 양파9를 소개합니다.,강원도,채소/야채,9392kg,9392,아이스팩,48,86,3,3,10,10,19,31,90,73,53,38,30,11,7,45,34,35,67,31,53,91,68,21,957,
46,마늘1,12000,맛있는 마늘1를 소개합니다.,강원도,채소/야채,9267kg,9267,신선배송가방,78,23,100,9,89,32,26,55,99,43,68,64,97,85,79,58,40,47,87,15,62,45,51,60,1412,
47,마늘2,9000,맛있는 마늘2를 소개합니다.,경상도,채소/야채,9944kg,9944,아이스팩,40,5,36,28,71,56,95,70,89,66,27,7,71,31,1,27,6,50,37,62,93,26,61,27,1082,
48,마늘3,8000,맛있는 마늘3를 소개합니다.,경기도,채소/야채,10556kg,10556,신선배송가방,53,68,91,74,79,75,53,7,65,69,1,10,16,72,6,79,82,52,69,63,23,22,88,52,1269,
49,마늘4,11000,맛있는 마늘4를 소개합니다.,전라도,채소/야채,11036kg,11036,아이스팩,96,57,46,17,26,33,83,37,14,52,49,88,96,97,15,95,21,20,12,85,23,79,82,14,1237,
50,마늘5,10000,맛있는 마늘5를 소개합니다.,경상도,채소/야채,8864kg,8864,신선배송가방,88,58,16,71,85,44,8,10,66,54,56,53,17,82,95,12,96,99,51,9,85,39,68,99,1361,
51,마늘6,12000,맛있는 마늘6를 소개합니다.,경기도,채소/야채,11429kg,11429,아이스팩,93,56,77,71,39,67,67,30,67,64,38,42,50,1,37,56,78,5,76,80,86,84,89,54,1407,
52,마늘7,9000,맛있는 마늘7를 소개합니다.,전라도,채소/야채,10363kg,10363,신선배송가방,45,29,6,37,17,77,72,7,81,43,65,88,1,56,45,79,14,2,91,54,78,33,80,43,1143,
53,마늘8,8000,맛있는 마늘8를 소개합니다.,강원도,채소/야채,10256kg,10256,아이스팩,33,44,59,5,54,18,7,31,26,54,12,87,83,61,18,26,90,69,35,10,59,58,62,40,1041,
54,마늘9,11000,맛있는 마늘9를 소개합니다.,경기도,채소/야채,9205kg,9205,신선배송가방,87,85,59,33,98,83,94,15,37,77,40,57,18,76,10,52,49,100,3,50,39,46,64,38,1310,
55,상추1,10000,맛있는 상추1를 소개합니다.,강원도,채소/야채,11615kg,11615,아이스팩,17,16,84,41,11,41,74,54,85,1,24,68,90,81,12,27,80,100,65,18,39,41,95,88,1252,
56,상추2,10000,맛있는 상추2를 소개합니다.,경기도,채소/야채,11947kg,11947,신선배송가방,86,60,21,61,10,80,67,15,36,50,52,24,9,58,96,4,33,96,81,27,65,1,90,31,1153,
57,상추3,12000,맛있는 상추3를 소개합니다.,강원도,채소/야채,9533kg,9533,아이스팩,9,91,10,32,11,9,49,9,63,43,13,11,67,90,9,15,79,82,67,13,30,9,10,8,829,
58,상추4,9000,맛있는 상추4를 소개합니다.,경기도,채소/야채,11990kg,11990,신선배송가방,49,55,50,72,90,44,24,75,43,74,51,27,62,64,14,20,5,72,52,30,40,46,41,67,1167,
59,상추5,8000,맛있는 상추5를 소개합니다.,전라도,채소/야채,11866kg,11866,아이스팩,30,46,4,67,72,99,38,71,3,65,85,81,54,9,48,73,17,21,98,67,27,21,5,30,1131,
60,상추6,11000,맛있는 상추6를 소개합니다.,전라도,채소/야채,11673kg,11673,신선배송가방,58,31,13,97,69,50,58,29,74,48,4,20,14,57,66,35,82,97,81,43,26,20,51,2,1125,
61,상추7,10000,맛있는 상추7를 소개합니다.,충청도,채소/야채,8456kg,8456,아이스팩,64,1,26,36,26,97,84,92,19,32,3,69,69,35,98,99,20,19,4,2,93,36,36,24,1084,
62,상추8,12000,맛있는 상추8를 소개합니다.,충청도,채소/야채,8978kg,8978,신선배송가방,59,36,25,66,48,35,59,57,37,37,71,40,64,19,33,80,53,55,17,57,24,57,66,20,1115,
63,상추9,9000,맛있는 상추9를 소개합니다.,강원도,채소/야채,8550kg,8550,아이스팩,47,7,3,12,80,40,78,57,82,8,95,97,8,78,89,77,9,99,58,41,4,7,70,50,1196,
64,깻잎1,8000,맛있는 깻잎1를 소개합니다.,전라도,채소/야채,11962kg,11962,신선배송가방,3,80,82,92,95,54,59,35,81,54,49,50,40,14,1,7,98,6,70,55,83,74,100,42,1324,
65,깻잎2,11000,맛있는 깻잎2를 소개합니다.,전라도,채소/야채,10435kg,10435,아이스팩,36,58,28,60,57,61,7,42,8,2,48,60,69,66,9,3,81,27,36,88,81,38,55,34,1054,
66,깻잎3,10000,맛있는 깻잎3를 소개합니다.,전라도,채소/야채,10844kg,10844,신선배송가방,56,60,68,44,83,6,98,74,7,3,55,21,33,58,13,7,33,91,76,94,31,82,93,19,1205,
67,깻잎4,10000,맛있는 깻잎4를 소개합니다.,경기도,채소/야채,10388kg,10388,아이스팩,74,24,72,15,66,43,96,9,14,32,16,59,50,44,43,56,1,89,42,95,40,31,54,38,1103,
68,깻잎5,12000,맛있는 깻잎5를 소개합니다.,경기도,채소/야채,10167kg,10167,신선배송가방,90,14,3,55,29,75,97,59,9,80,32,77,32,75,6,100,45,76,99,47,64,22,15,6,1207,
69,깻잎6,9000,맛있는 깻잎6를 소개합니다.,전라도,채소/야채,8860kg,8860,아이스팩,94,3,6,69,7,44,73,9,34,65,60,59,77,87,11,100,97,70,34,28,98,24,31,34,1214,
70,깻잎7,8000,맛있는 깻잎7를 소개합니다.,강원도,채소/야채,8896kg,8896,신선배송가방,75,93,74,59,67,12,14,34,38,15,20,71,51,38,73,64,43,95,8,72,13,30,95,100,1254,
71,깻잎8,11000,맛있는 깻잎8를 소개합니다.,경상도,채소/야채,9111kg,9111,아이스팩,98,31,32,78,77,84,96,4,53,46,66,26,45,41,79,22,60,11,80,15,23,8,61,64,1200,
72,깻잎9,10000,맛있는 깻잎9를 소개합니다.,전라도,채소/야채,11418kg,11418,신선배송가방,90,19,20,24,84,41,78,87,43,94,60,4,5,58,99,90,47,55,85,83,31,20,43,90,1350,
73,깻잎10,12000,맛있는 깻잎10를 소개합니다.,경기도,채소/야채,11684kg,11684,아이스팩,23,77,52,26,40,83,18,71,55,54,87,12,37,29,40,95,47,82,71,77,66,0,36,92,1270,
74,깻잎11,9000,맛있는 깻잎11를 소개합니다.,강원도,채소/야채,8780kg,8780,신선배송가방,66,79,68,18,95,45,98,73,53,82,71,67,53,58,87,97,70,7,47,84,66,55,45,85,1569,
75,쌀1,8000,맛있는 쌀1를 소개합니다.,전라도,곡류,8619kg,8619,아이스팩,7,88,32,86,51,17,42,49,68,40,31,87,36,48,44,70,44,41,10,39,52,48,58,48,1136,
76,쌀2,11000,맛있는 쌀2를 소개합니다.,충청도,곡류,10006kg,10006,신선배송가방,65,29,56,47,46,63,5,7,63,58,66,10,78,100,77,87,80,97,95,72,41,42,4,98,1386,
77,쌀3,10000,맛있는 쌀3를 소개합니다.,충청도,곡류,8831kg,8831,아이스팩,6,39,33,85,33,65,47,13,99,76,62,20,63,3,88,55,41,34,21,89,64,78,82,1,1197,
78,쌀4,10000,맛있는 쌀4를 소개합니다.,경상도,곡류,10181kg,10181,신선배송가방,95,30,1,84,1,36,67,15,98,38,42,98,77,87,1,90,54,39,59,63,50,79,36,67,1307,
79,쌀5,12000,맛있는 쌀5를 소개합니다.,충청도,곡류,11755kg,11755,아이스팩,67,93,44,82,76,40,84,54,9,47,38,98,29,27,79,80,79,46,23,78,61,72,53,14,1373,
80,쌀6,9000,맛있는 쌀6를 소개합니다.,충청도,곡류,8557kg,8557,신선배송가방,40,13,23,13,92,60,74,56,81,24,56,82,76,77,46,4,10,95,82,62,89,97,42,45,1339,
81,쌀7,8000,맛있는 쌀7를 소개합니다.,강원도,곡류,9796kg,9796,아이스팩,78,29,16,55,19,66,9,33,9,91,38,92,55,10,15,51,50,94,52,86,76,42,54,95,1215,
82,쌀8,11000,맛있는 쌀8를 소개합니다.,강원도,곡류,8811kg,8811,신선배송가방,35,81,26,38,86,57,69,25,55,6,98,8,38,48,74,25,87,43,66,60,45,44,45,80,1239,
83,쌀9,10000,맛있는 쌀9를 소개합니다.,충청도,곡류,8180kg,8180,아이스팩,2,39,79,14,99,63,75,30,29,68,47,16,14,6,1,16,65,32,80,41,6,60,83,80,1045,
84,쌀10,12000,맛있는 쌀10를 소개합니다.,강원도,곡류,11327kg,11327,신선배송가방,30,1,62,9,95,9,23,12,23,81,80,20,14,94,90,62,22,56,99,41,39,1,25,27,1015,
85,옥수수1,9000,맛있는 옥수수1를 소개합니다.,경기도,곡류,9588kg,9588,아이스팩,5,7,62,87,79,43,3,94,87,22,39,80,17,94,97,45,100,40,35,14,2,75,47,75,1249,
86,옥수수2,8000,맛있는 옥수수2를 소개합니다.,강원도,곡류,9583kg,9583,신선배송가방,26,1,89,25,83,36,3,66,78,18,42,34,90,76,46,38,80,57,9,14,13,96,22,62,1104,
87,옥수수3,11000,맛있는 옥수수3를 소개합니다.,경상도,곡류,9066kg,9066,아이스팩,13,84,67,47,27,34,51,15,71,86,50,56,22,13,13,91,17,49,18,63,78,15,76,69,1125,
88,옥수수4,10000,맛있는 옥수수4를 소개합니다.,충청도,곡류,10655kg,10655,신선배송가방,22,3,72,43,83,29,91,22,68,14,10,12,77,50,99,92,68,99,28,48,14,89,7,37,1177,
89,옥수수5,10000,맛있는 옥수수5를 소개합니다.,전라도,곡류,11994kg,11994,아이스팩,10,67,74,1,60,78,71,41,27,76,64,13,45,89,19,13,26,90,15,84,90,97,57,70,1277,
90,옥수수6,12000,맛있는 옥수수6를 소개합니다.,경상도,곡류,10631kg,10631,신선배송가방,81,20,89,98,56,40,45,21,25,55,11,46,12,28,59,20,22,39,91,9,74,66,41,96,1144,
91,옥수수7,9000,맛있는 옥수수7를 소개합니다.,충청도,곡류,9734kg,9734,아이스팩,18,73,18,55,18,96,73,49,89,62,80,17,29,61,42,40,61,15,15,34,39,69,3,66,1122,
92,옥수수8,8000,맛있는 옥수수8를 소개합니다.,전라도,곡류,10575kg,10575,신선배송가방,78,12,79,6,76,8,65,16,21,16,63,14,61,36,92,40,58,20,22,41,29,70,26,71,1020,
93,옥수수9,11000,맛있는 옥수수9를 소개합니다.,충청도,곡류,8759kg,8759,아이스팩,75,18,39,73,92,61,80,100,84,15,44,100,49,65,5,7,82,3,40,63,41,56,22,27,1241,
94,옥수수10,10000,맛있는 옥수수10를 소개합니다.,충청도,곡류,10284kg,10284,신선배송가방,32,90,78,80,61,36,46,6,59,46,16,62,56,7,10,65,47,17,97,29,78,39,74,54,1185,
95,보리1,12000,맛있는 보리1를 소개합니다.,경상도,곡류,8296kg,8296,아이스팩,38,21,4,16,57,48,87,62,27,57,43,91,35,2,77,90,4,26,94,51,22,42,39,1,1034,
96,보리2,9000,맛있는 보리2를 소개합니다.,경기도,곡류,11437kg,11437,신선배송가방,77,74,100,83,8,54,67,71,23,68,94,97,44,64,73,7,35,47,90,85,11,29,89,18,1408,
97,보리3,8000,맛있는 보리3를 소개합니다.,경상도,곡류,10908kg,10908,아이스팩,80,3,97,98,91,47,46,88,67,3,73,81,63,90,96,39,50,68,11,65,46,8,48,37,1395,
98,보리4,11000,맛있는 보리4를 소개합니다.,경기도,곡류,9930kg,9930,신선배송가방,56,90,36,23,92,61,42,5,90,72,18,70,50,85,90,9,57,98,4,44,9,84,39,42,1266,
99,보리5,10000,맛있는 보리5를 소개합니다.,경기도,곡류,9311kg,9311,아이스팩,40,6,16,86,76,34,20,100,93,41,19,13,95,20,33,63,96,55,29,52,7,32,95,18,1139,
100,보리6,10000,맛있는 보리6를 소개합니다.,경기도,곡류,9959kg,9959,신선배송가방,9,5,1,66,61,2,76,60,45,41,55,70,4,77,5,99,40,98,1,28,16,9,33,28,929,
101,보리7,12000,맛있는 보리7를 소개합니다.,강원도,곡류,10693kg,10693,아이스팩,77,95,71,22,11,90,2,64,45,6,66,33,6,99,9,62,77,1,84,10,21,42,63,60,1116,
102,보리8,9000,맛있는 보리8를 소개합니다.,충청도,곡류,8923kg,8923,신선배송가방,79,62,28,7,26,23,58,30,42,90,86,100,100,82,91,66,32,84,97,91,76,51,51,74,1526,
103,보리9,8000,맛있는 보리9를 소개합니다.,전라도,곡류,11332kg,11332,아이스팩,21,38,12,16,50,84,98,36,70,57,2,39,95,26,33,68,73,72,80,99,49,4,40,22,1184,
104,보리10,11000,맛있는 보리10를 소개합니다.,경상도,곡류,11089kg,11089,신선배송가방,21,53,18,78,55,9,60,65,55,26,89,82,91,39,7,41,90,78,47,69,50,6,29,20,1178,
105,강낭콩1,10000,맛있는 강낭콩1를 소개합니다.,경상도,곡류,9977kg,9977,아이스팩,90,8,73,76,68,60,11,22,56,15,73,93,48,92,53,89,58,48,10,52,74,90,63,4,1326,
106,강낭콩2,12000,맛있는 강낭콩2를 소개합니다.,강원도,곡류,11426kg,11426,신선배송가방,100,74,46,85,48,67,33,61,90,96,86,94,32,72,53,54,38,83,20,8,90,8,12,86,1436,
107,강낭콩3,9000,맛있는 강낭콩3를 소개합니다.,충청도,곡류,9149kg,9149,아이스팩,63,2,82,6,53,95,30,90,90,90,8,50,66,27,63,82,100,71,76,29,18,56,58,78,1383,
108,강낭콩4,8000,맛있는 강낭콩4를 소개합니다.,강원도,곡류,9595kg,9595,신선배송가방,51,33,26,21,65,82,9,52,88,75,28,56,91,48,49,94,94,40,14,12,4,37,96,51,1216,
109,강낭콩5,11000,맛있는 강낭콩5를 소개합니다.,전라도,곡류,11121kg,11121,아이스팩,28,48,92,76,70,82,40,7,84,96,8,88,51,73,96,95,97,81,92,3,33,60,69,78,1547,
110,강낭콩6,10000,맛있는 강낭콩6를 소개합니다.,충청도,곡류,11183kg,11183,신선배송가방,7,6,46,60,15,66,82,62,74,42,68,44,66,66,58,18,15,22,100,45,2,90,36,48,1138,
111,강낭콩7,10000,맛있는 강낭콩7를 소개합니다.,경상도,곡류,10760kg,10760,아이스팩,40,65,66,20,35,59,47,61,56,74,41,99,93,5,24,76,88,24,10,92,44,59,90,91,1359,
112,강낭콩8,12000,맛있는 강낭콩8를 소개합니다.,경기도,곡류,11875kg,11875,신선배송가방,60,93,57,62,68,2,25,41,63,90,27,18,77,33,81,99,55,61,84,5,8,50,72,51,1282,
113,완두콩1,9000,맛있는 완두콩1를 소개합니다.,강원도,곡류,10036kg,10036,아이스팩,74,72,98,67,61,88,74,21,33,6,10,14,43,93,81,79,13,99,97,100,84,78,79,95,1559,
114,완두콩2,8000,맛있는 완두콩2를 소개합니다.,경상도,곡류,8534kg,8534,신선배송가방,59,86,97,80,56,4,8,64,47,15,73,84,31,21,69,50,79,74,75,86,7,79,51,93,1388,
115,완두콩3,11000,맛있는 완두콩3를 소개합니다.,전라도,곡류,9779kg,9779,아이스팩,82,98,68,23,60,40,72,88,9,40,54,13,54,77,59,6,98,49,70,64,73,80,64,38,1379,
116,완두콩4,10000,맛있는 완두콩4를 소개합니다.,전라도,곡류,10446kg,10446,신선배송가방,73,69,58,73,62,48,33,87,22,5,87,55,74,61,23,45,92,58,95,57,61,93,28,50,1409,
117,완두콩5,12000,맛있는 완두콩5를 소개합니다.,전라도,곡류,10520kg,10520,아이스팩,85,99,28,45,50,12,6,4,78,73,50,89,13,77,62,25,36,29,71,44,74,75,24,69,1218,
118,완두콩6,9000,맛있는 완두콩6를 소개합니다.,경상도,곡류,9897kg,9897,신선배송가방,25,77,100,31,61,31,85,12,9,69,2,10,18,45,41,49,47,5,98,97,83,10,38,17,1060,
119,완두콩7,8000,맛있는 완두콩7를 소개합니다.,강원도,곡류,9349kg,9349,아이스팩,34,19,51,13,79,19,8,4,13,89,38,83,95,13,18,54,37,35,28,16,32,32,71,69,950,
120,완두콩8,11000,맛있는 완두콩8를 소개합니다.,충청도,곡류,11238kg,11238,신선배송가방,69,11,85,41,66,60,34,60,37,25,41,45,97,56,86,41,19,73,7,86,46,43,39,73,1240,
121,완두콩9,10000,맛있는 완두콩9를 소개합니다.,충청도,곡류,10409kg,10409,아이스팩,51,34,91,90,15,5,73,75,19,40,20,43,48,25,4,14,66,82,53,23,22,73,6,25,997,
122,들깨1,10000,맛있는 들깨1를 소개합니다.,경기도,곡류,8884kg,8884,신선배송가방,32,99,57,35,89,50,35,99,73,25,8,70,17,3,19,91,63,7,71,61,22,76,48,62,1212,
123,들깨2,12000,맛있는 들깨2를 소개합니다.,충청도,곡류,10382kg,10382,아이스팩,40,61,18,84,26,39,17,70,16,89,73,44,7,19,60,14,48,85,31,16,51,22,2,3,935,
124,들깨3,9000,맛있는 들깨3를 소개합니다.,전라도,곡류,11059kg,11059,신선배송가방,42,45,75,34,38,90,30,93,72,77,36,55,34,75,79,7,47,46,9,7,70,35,28,86,1210,
125,들깨4,8000,맛있는 들깨4를 소개합니다.,충청도,곡류,9738kg,9738,아이스팩,49,34,13,47,45,85,36,61,14,83,49,92,46,74,94,47,30,39,55,88,36,36,45,93,1291,
126,들깨5,11000,맛있는 들깨5를 소개합니다.,경기도,곡류,8511kg,8511,신선배송가방,45,63,76,66,74,21,85,63,6,24,69,92,13,49,3,69,10,24,85,83,52,78,77,1,1228,
127,들깨6,10000,맛있는 들깨6를 소개합니다.,경기도,곡류,9470kg,9470,아이스팩,61,69,42,95,65,80,62,24,62,87,59,81,48,98,38,93,20,69,4,29,98,82,71,66,1503,
128,들깨7,12000,맛있는 들깨7를 소개합니다.,전라도,곡류,9612kg,9612,신선배송가방,24,79,3,26,49,28,42,14,68,7,52,67,54,68,6,92,33,99,88,71,42,52,92,21,1177,
129,들깨8,9000,맛있는 들깨8를 소개합니다.,경상도,곡류,9065kg,9065,아이스팩,67,81,57,63,10,35,35,7,56,13,61,74,75,91,11,89,87,40,92,72,47,76,79,94,1412,
130,들깨9,8000,맛있는 들깨9를 소개합니다.,충청도,곡류,11794kg,11794,신선배송가방,37,23,89,12,4,67,41,2,38,29,95,80,60,56,87,49,21,96,42,34,64,81,10,60,1177,
131,들깨10,11000,맛있는 들깨10를 소개합니다.,경기도,곡류,8523kg,8523,아이스팩,38,43,54,62,87,6,75,92,100,82,50,48,33,67,29,3,55,26,69,15,73,97,80,26,1310,
132,흑임자1,10000,맛있는 흑임자1를 소개합니다.,강원도,곡류,9513kg,9513,신선배송가방,28,82,67,2,8,69,12,75,30,65,42,62,42,48,63,21,24,58,65,96,78,16,27,94,1174,
133,흑임자2,10000,맛있는 흑임자2를 소개합니다.,전라도,곡류,11075kg,11075,아이스팩,94,69,54,11,67,75,3,2,19,13,32,55,13,56,77,1,12,91,33,80,81,70,61,96,1165,
134,흑임자3,12000,맛있는 흑임자3를 소개합니다.,경상도,곡류,11781kg,11781,신선배송가방,58,80,84,25,11,79,8,31,6,47,64,36,32,34,71,90,90,41,33,23,89,91,17,9,1149,
135,흑임자4,9000,맛있는 흑임자4를 소개합니다.,경상도,곡류,10409kg,10409,아이스팩,82,7,51,100,55,12,72,93,100,24,88,22,18,53,27,55,88,37,73,58,12,65,90,40,1322,
136,흑임자5,8000,맛있는 흑임자5를 소개합니다.,강원도,곡류,10435kg,10435,신선배송가방,18,2,28,95,97,94,70,100,29,23,1,80,65,76,16,53,98,8,15,79,49,73,55,86,1310,
137,흑임자6,11000,맛있는 흑임자6를 소개합니다.,전라도,곡류,10660kg,10660,아이스팩,13,36,58,20,63,90,58,75,28,4,80,26,33,17,97,94,46,9,73,74,71,97,65,73,1300,
138,흑임자7,10000,맛있는 흑임자7를 소개합니다.,경기도,곡류,8232kg,8232,신선배송가방,19,42,81,7,71,62,36,54,54,77,2,69,17,42,23,73,75,84,97,15,74,6,61,72,1213,
139,흑임자8,12000,맛있는 흑임자8를 소개합니다.,경기도,곡류,11660kg,11660,아이스팩,32,72,95,98,20,75,14,44,6,41,47,17,74,11,67,53,36,19,48,31,99,47,12,56,1114,
140,흑임자9,9000,맛있는 흑임자9를 소개합니다.,경기도,곡류,11586kg,11586,신선배송가방,3,80,14,1,30,28,84,29,30,82,83,28,85,31,8,87,87,19,54,55,87,97,48,48,1198,
141,흑임자10,8000,맛있는 흑임자10를 소개합니다.,경기도,곡류,9480kg,9480,아이스팩,26,58,49,32,80,74,72,94,30,7,49,3,99,41,73,71,13,55,31,79,52,71,67,43,1269,
142,현미1,11000,맛있는 현미1를 소개합니다.,충청도,곡류,10337kg,10337,신선배송가방,86,50,32,64,77,8,26,76,67,11,90,65,9,86,13,12,42,23,97,51,52,100,66,58,1261,
143,현미2,10000,맛있는 현미2를 소개합니다.,경상도,곡류,11454kg,11454,아이스팩,77,10,63,84,38,17,50,15,79,59,37,83,82,1,93,62,76,58,32,58,10,16,54,24,1178,
144,현미3,10000,맛있는 현미3를 소개합니다.,강원도,곡류,11855kg,11855,신선배송가방,76,60,18,54,55,85,38,8,31,64,73,66,9,67,36,83,36,29,42,33,47,8,27,57,1102,
145,현미4,12000,맛있는 현미4를 소개합니다.,경상도,곡류,10802kg,10802,아이스팩,1,42,28,24,42,64,9,67,56,42,44,34,39,14,63,97,1,59,31,53,27,100,52,57,1046,
146,현미5,9000,맛있는 현미5를 소개합니다.,충청도,곡류,11190kg,11190,신선배송가방,93,21,84,16,95,5,22,72,81,88,60,93,82,49,83,25,96,87,74,70,89,69,49,43,1546,
147,현미6,8000,맛있는 현미6를 소개합니다.,충청도,곡류,9452kg,9452,아이스팩,38,86,61,11,66,15,65,39,97,2,76,20,50,39,84,93,30,97,88,15,31,98,53,82,1336,
148,현미7,11000,맛있는 현미7를 소개합니다.,충청도,곡류,10021kg,10021,신선배송가방,39,79,31,3,73,49,72,11,60,84,89,44,38,41,27,85,80,76,81,88,8,60,1,67,1286,
149,현미8,10000,맛있는 현미8를 소개합니다.,강원도,곡류,8211kg,8211,아이스팩,76,61,11,6,97,83,67,39,36,90,34,78,92,45,25,54,74,38,53,43,67,37,94,59,1359,
150,현미9,12000,맛있는 현미9를 소개합니다.,경기도,곡류,8620kg,8620,신선배송가방,7,77,79,61,78,86,9,19,51,11,87,35,68,1,66,31,65,70,92,88,36,56,24,29,1226,
